{"coef": [-0.5714318821955939, 0.3891906457243858, 0.13276133627550585, -0.22907515605234585, 0.3709094226519045], "intercept": 228.8191674457193}