{"coef": [0.8157337224023387, -0.09263364754022668, -0.15217682613677933, -0.03348758352868307, 0.02174508318962156], "intercept": 170.78403632410922}