{"coef": [0.9417452133636979, 0.07882710190122172, -0.06950912292097748, 0.03411734300272526, -0.023495456432228935], "intercept": 58.715534151625555}