{"coef": [0.4251823658501665, -2.2357775467261134, 0.17471640871505664, -0.45115696223274987, 0.09186957684980061, 0.00238513526682085, 0.0038149442317096448, 0.00016346627124416992, -0.007321116658272636, 0.003058924246324804, 0.00016136725145063287, 0.0021590079422589897, 0.00428837097261714, 0.0008804641679398684, -0.00017369795588775537, 0.0003717297244102757, -0.0004706082919925979, -0.0007176263126068371, -0.0017416464248037463, 0.006540186413236619], "intercept": 0.0006245144078016482, "degree": 2}