{"coef": [0.9416766760490269, 0.078819415405089, -0.06956920795301924, 0.0341123521391872, -0.02349381906886042], "intercept": 58.7784547510807, "alpha": 1.0}