{"coef": [-4.917070724584484, 3.7010059376062143, -0.8647674276944906, 0.546422590096201, -0.21939519483983996], "intercept": 997.5174225586481}