{"coef": [0.8095973906289613, -0.09003220995235492, -0.1560910440143681, -0.04306385986072249, 0.020151104832226194], "intercept": 174.7362097973729}