{"coef": [-0.6496147370973263, -0.24868830376993314, -0.06589745740749257, -0.07184629162918481, -0.07048353828163305], "intercept": 1036.4286338012387}