{"coef": [0.19453846623475313, -0.19499621880051524, -0.038781552780451777, -0.16349950572143496, 0.26985034649313133], "intercept": 179.87724353066474}